0x00A,"Ha pasado medio siglo desde\n
que Simon {NAMEINSERT 0x0006} vencio\n
la maldicion de {NAMEINSERT 0x0007}.\n
{WAITINPUT}{SAMECHAR}
El destino ha dictado que {NAMEINSERT 0x0000}\n
{NAMEINSERT 0x0006}, descendiente de sangre\n
de la familia {NAMEINSERT 0x0006}, debe\n
cazar las reliquias de {NAMEINSERT 0x0007}.\n
{WAITINPUT}{SAMECHAR}
Un dia, el mejor amigo de {NAMEINSERT 0x0000},\n
{NAMEINSERT 0x0001}, quien se fue a entrenar\n
hace mucho tiempo, volvio de\n
repente... con el cuerpo\n
cubierto de heridas.\n
{WAITINPUT}{SAMECHAR}
Le cuenta a {NAMEINSERT 0x0000} que Lydie, una\n
amiga de la infancia a quien\n
ambos aprecian mucho, ha sido\n
secuestrada.\n
{WAITINPUT}{SAMECHAR}{NAMEINSERT 0x0001} perdio por completo\n
la memoria de su entrenamiento\n
lejos de casa, y solo tiene\n
imagenes vagas del secuestro.\n
{WAITINPUT}{SAMECHAR}
Ignorando sus heridas, {NAMEINSERT 0x0001}\n
lleva a {NAMEINSERT 0x0000} al lugar donde cree\n
que Lydie esta cautiva.\n
{WAITINPUT}{SAMECHAR}
Atravesando una espesa niebla,\n
los dos hombres hallan un castillo\n
que no aparece en ningun mapa.\n
Sera acaso el legendario\n
castillo de {NAMEINSERT 0x0007}?\n
{WAITINPUT}{SAMECHAR}
De pie solemne en la noche,\n
este temible castillo recibe a\n
sus visitantes inesperados\n
mientras brilla la luz de la luna...\n
{WAITINPUT}{SAMECHAR}"
0x00B,"{PORTRAIT 0x0001}{NAME 0x0000}
Entonces de verdad crees que\n
{NAMEINSERT 0x0004} fue traida a este\n
castillo...\n
{WAITINPUT}{NEWCHAR}{PORTRAIT 0x0002}{NAME 0x0001}
Mi memoria falla, pero...\n
este parece ser el lugar...\n
No me crees?\n
{WAITINPUT}{NEWCHAR}{PORTRAIT 0x0001}{NAME 0x0000}
Se mejor que nadie que tu\n
no eres de los que\n
mienten.\n
{WAITINPUT}{NEWCHAR}{PORTRAIT 0x0002}{NAME 0x0001}{NAMEINSERT 0x0000}...\n
{NEXTACTION}
Aaargh!! \n
{WAITINPUT}{NEWCHAR}{PORTRAIT 0x0001}{NAME 0x0000}
Estas bien?!\n
{WAITINPUT}{NEWCHAR}{PORTRAIT 0x0002}{NAME 0x0001}
E− Estoy bien... es por\n
{NAMEINSERT 0x0004} por quien\n
deberias preocuparte, no por mi...\n
{WAITINPUT}{SAMECHAR}
Sigue adelante!!\n
Estare justo detras tuyo.\n
Tienes mi palabra.\n
{WAITINPUT}{NEWCHAR}{PORTRAIT 0x0001}{NAME 0x0000}
Bien, entonces.\n
Nos vemos adentro!!\n
{WAITINPUT}{NEWCHAR}"
0x00C,"{PORTRAIT 0x0004}{NAME 0x0009}
Alto!\n
El color de tu alma...\n
Debes ser un {NAMEINSERT 0x0006}...\n
{WAITINPUT}{NEWCHAR}{PORTRAIT 0x0001}{NAME 0x0000}
Correcto. Este...\n
poder abrumador...\n
{NAMEINSERT 0x0005}...?\n
{WAITINPUT}{NEWCHAR}{NEXTACTION}{PORTRAIT 0x0004}{NAME 0x0009}
Asi es.\n
{NAME 0x0005}{WAITINPUT}{NEWCHAR}{PORTRAIT 0x0001}{NAME 0x0000}
Lo que significa que este es,\n
de hecho, el castillo de {NAMEINSERT 0x0007}...\n
{WAITINPUT}{NEWCHAR}{PORTRAIT 0x0004}{NAME 0x0005}
Podria ser cierto...\n
aunque el poder que hay\n
aqui no es el de mi amo.\n
{WAITINPUT}{NEWCHAR}{PORTRAIT 0x0001}{NAME 0x0000}
Que quieres decir?!\n
{WAITINPUT}{NEWCHAR}{PORTRAIT 0x0004}{NAME 0x0005}
Debo irme ahora.\n
Nos volveremos a ver,\n
hijo de {NAMEINSERT 0x0006}...\n
{WAITINPUT}{NEWCHAR}{NEXTACTION}{COMMAND2 0x0000}{PORTRAIT 0x0001}{NAME 0x0000}
Aaargh...\n
El... escapo...\n
{WAITINPUT}{NEWCHAR}"
0x00D,"{PORTRAIT 0x0001}{NAME 0x0000}{NAMEINSERT 0x0001}!!\n
Estas bien?\n
{WAITINPUT}{NEWCHAR}{PORTRAIT 0x0002}{NAME 0x0001}{NEXTACTION}
Oh... eh... {NAMEINSERT 0x0000}, eres\n
tu? Me alegra que estes\n
bien.\n
{WAITINPUT}{NEWCHAR}{PORTRAIT 0x0001}{NAME 0x0000}
Que te pasa?\n
Quedarte ahi como en trance...\n
te deja vulnerable.\n
{WAITINPUT}{NEWCHAR}{PORTRAIT 0x0002}{NAME 0x0001}{NEXTACTION}
Yo, eh... creo que ya\n
he estado en este\n
castillo antes...\n
{WAITINPUT}{NEWCHAR}{NEXTACTION}{PORTRAIT 0x0001}{NAME 0x0000}
Que dijiste?\n
{WAITINPUT}{NEWCHAR}{NEXTACTION}{PORTRAIT 0x0002}{NAME 0x0001}
No lo recuerdo bien,\n
pero creo que he\n
estado aqui antes...\n
{WAITINPUT}{NEWCHAR}{PORTRAIT 0x0001}{NAME 0x0000}
Tu memoria esta\n
volviendo?\n
{WAITINPUT}{NEWCHAR}{PORTRAIT 0x0002}{NAME 0x0001}
Eso parece. Me he sentido\n
raro desde que llegue\n
al castillo.\n
{WAITINPUT}{SAMECHAR}
Si seguimos un poco\n
mas, tal vez pueda\n
recordar algo.\n
{WAITINPUT}{NEWCHAR}{NEXTACTION}{PORTRAIT 0x0001}{NAME 0x0000}
Vamos!\n
Vayamos juntos, {NAMEINSERT 0x0001}.\n
{WAITINPUT}{NEWCHAR}{PORTRAIT 0x0002}{NAME 0x0001}
No, si vamos a encontrar\n
a {NAMEINSERT 0x0004}, debemos separarnos.\n
Cubriremos mas terreno.\n
{WAITINPUT}{NEWCHAR}{NEXTACTION}{PORTRAIT 0x0001}{NAME 0x0000}
Hmm...\n
Si, tienes razon.\n
{WAITINPUT}{NEWCHAR}{PORTRAIT 0x0002}{NAME 0x0001}
Cuidate, {NAMEINSERT 0x0000}. \n
{WAITINPUT}{NEWCHAR}{NEXTACTION}{PORTRAIT 0x0001}{NAME 0x0000}
Cuidate tu tambien,\n
{NAMEINSERT 0x0001}...\n
{WAITINPUT}{NEWCHAR}{NEXTACTION}"
0x00E,"{PORTRAIT 0x0003}{NAME 0x0001}{NAMEINSERT 0x0000}! Ahi estas!\n
{WAITINPUT}{NEWCHAR}{PORTRAIT 0x0001}{NAME 0x0000}
Que paso, {NAMEINSERT 0x0001}?\n
Encontraste a {NAMEINSERT 0x0004}?\n
{WAITINPUT}{NEWCHAR}{PORTRAIT 0x0003}{NAME 0x0001}
Como te atreves a\n
preguntar por {NAMEINSERT 0x0004}?\n
Eres uno de sus captores?\n
{WAITINPUT}{NEWCHAR}{PORTRAIT 0x0001}{NAME 0x0000}
Que? De que diablos\n
estas hablando?\n
{WAITINPUT}{NEWCHAR}{PORTRAIT 0x0003}{NAME 0x0001}
Oh, nada... \n
Olvidalo.\n
{WAITINPUT}{SAMECHAR}
No conozco el alcance de\n
tu poder, {NAMEINSERT 0x0006}. Pero\n
no dejare que la tengas.\n
{WAITINPUT}{NEWCHAR}{PORTRAIT 0x0001}{NAME 0x0000}
Que te ha pasado?\n
No eres tu mismo\n
de siempre!\n
{WAITINPUT}{NEWCHAR}{PORTRAIT 0x0003}{NAME 0x0001}
Obtuve nuevos poderes\n
para superar tu fuerza.\n
Pero primero, la mujer...\n
{WAITINPUT}{SAMECHAR}
Adios!\n
Que te pudras dentro \n
de los muros de este castillo.\n
{WAITINPUT}{NEWCHAR}{NEXTACTION}{PORTRAIT 0x0001}{NAME 0x0000}
Espera, {NAMEINSERT 0x0001}!\n
{COMMAND2 0x0000}{WAITINPUT}{SAMECHAR}
Era de verdad {NAMEINSERT 0x0001}?\n
Me falla la vista \n
y el oido?\n
{WAITINPUT}{NEWCHAR}"
0x00F,"{PORTRAIT 0x0002}{NAME 0x0001}{NAMEINSERT 0x0000}!\n
Encontraste a {NAMEINSERT 0x0004}?\n
{WAITINPUT}{NEWCHAR}{PORTRAIT 0x0001}{NAME 0x0000}
Tu...eres {NAMEINSERT 0x0001},\n
verdad?\n
{WAITINPUT}{NEWCHAR}{PORTRAIT 0x0002}{NAME 0x0001}
Oye!  Que quieres decir\n
con eso?\n
{WAITINPUT}{NEWCHAR}{PORTRAIT 0x0001}{NAME 0x0000}
Eh, nada. Olvidalo.\n
Dime, como te\n
fue?\n
{WAITINPUT}{NEWCHAR}{PORTRAIT 0x0002}{NAME 0x0001}
Aun no he encontrado nada.\n
Pero mi memoria esta\n
volviendo poco a poco.\n
{WAITINPUT}{NEWCHAR}{NEXTACTION}{PORTRAIT 0x0001}{NAME 0x0000}
En serio? Entonces {NAMEINSERT 0x0004}\n
esta en algun lugar\n
de este castillo despues de todo?\n
{WAITINPUT}{NEWCHAR}{PORTRAIT 0x0002}{NAME 0x0001}
Si, ahora estoy seguro.\n
Y se que yo tambien\n
he estado aqui antes...\n
{WAITINPUT}{SAMECHAR}
...\n
Y hay algo que\n
creo que deberias saber...\n
{WAITINPUT}{NEWCHAR}{PORTRAIT 0x0001}{NAME 0x0000}
Adelante, puedes decirme\n
lo que sea.\n
{WAITINPUT}{NEWCHAR}{PORTRAIT 0x0002}{NAME 0x0001}
El dia que heredaste el\n
titulo de Cazador de Vampiros...\n
senti como si un muro \n
{WAITINPUT}{SAMECHAR}
se hubiera alzado entre\n
nosotros... y por eso \n
sali en mi expedicion.\n
{WAITINPUT}{SAMECHAR}
Quise ser mejor \n
que tu y liberarte\n
de tu destino.\n
{WAITINPUT}{NEWCHAR}{PORTRAIT 0x0001}{NAME 0x0000}
...\n
{WAITINPUT}{NEWCHAR}{PORTRAIT 0x0002}{NAME 0x0001}
Hace tiempo, me hablaste de\n
los restos de {NAMEINSERT 0x0007}. Lo \n
recuerdas?\n
{WAITINPUT}{NEWCHAR}{PORTRAIT 0x0001}{NAME 0x0000}
Si, lo recuerdo.\n
La historia de como mi\n
abuelo, Simon, \n
{WAITINPUT}{SAMECHAR}
reunio los restos de \n
{NAMEINSERT 0x0007} y los destruyo\n
para deshacer su maldicion.\n
{WAITINPUT}{NEWCHAR}{PORTRAIT 0x0002}{NAME 0x0001}
Pense que mis deseos se \n
cumplirian si yo tambien \n
pudiera reunirlos y destruirlos.\n
{WAITINPUT}{NEWCHAR}"
0x010,"{PORTRAIT 0x0001}{NAME 0x0000}
Que?! \n
Los encontraste?!\n
{WAITINPUT}{NEWCHAR}{PORTRAIT 0x0002}{NAME 0x0001}
Segun la leyenda, aun es\n
muy pronto para la \n
resurreccion de {NAMEINSERT 0x0007}.\n
{WAITINPUT}{SAMECHAR}
Ademas, nadie esta \n
maldito ahora mismo.\n
{WAITINPUT}{SAMECHAR}
Al principio, dudaba \n
poder encontrar todos \n
sus restos...\n
{WAITINPUT}{SAMECHAR}
Pero descubri seis \n
partes, como si un ser\n
superior me guiara...\n
{WAITINPUT}{NEWCHAR}{PORTRAIT 0x0001}{NAME 0x0000}
Eso es imposible...\n
{WAITINPUT}{NEWCHAR}{PORTRAIT 0x0002}{NAME 0x0001}
Recuerdo poco de lo \n
que paso despues, \n
pero los restos \n
{WAITINPUT}{SAMECHAR}
desaparecieron.  Si recuerdo\n
con claridad que {NAMEINSERT 0x0004}\n
fue secuestrada...\n
{WAITINPUT}{NEWCHAR}{PORTRAIT 0x0001}{NAME 0x0000}
Si es cierto, los restos\n
de {NAMEINSERT 0x0007} podrian estar \n
dando origen a este castillo...\n
{WAITINPUT}{NEWCHAR}"
0x011,"{PORTRAIT 0x0001}{NAME 0x0000}
Eso significa que los \n
restos hallados en este \n
castillo son autenticos...\n
{WAITINPUT}{NEWCHAR}{PORTRAIT 0x0002}{NAME 0x0001}
Son identicos a los \n
que encontre. Pero recuerdo \n
poco de lo que \n
{WAITINPUT}{SAMECHAR}
paso despues de\n
encontrarlos. Solo recuerdo \n
que trajeron aqui a {NAMEINSERT 0x0004}.\n
{WAITINPUT}{NEWCHAR}{PORTRAIT 0x0001}{NAME 0x0000}
Si es cierto, los restos \n
de {NAMEINSERT 0x0007} podrian estar\n
dando origen a este castillo...\n
{WAITINPUT}{NEWCHAR}"
0x012,"{PORTRAIT 0x0002}{NAME 0x0001}
Perdoname.\n
Todo esto es mi culpa...\n
{WAITINPUT}{NEWCHAR}{PORTRAIT 0x0001}{NAME 0x0000}
No soy yo a quien\n
deberias pedir\n
perdon...\n
{WAITINPUT}{NEWCHAR}{PORTRAIT 0x0002}{NAME 0x0001}
?!\n
{WAITINPUT}{NEWCHAR}{PORTRAIT 0x0001}{NAME 0x0000}
Deberias disculparte con\n
{NAMEINSERT 0x0004} primero. Debemos\n
apurarnos a buscarla.\n
{WAITINPUT}{NEWCHAR}{PORTRAIT 0x0002}{NAME 0x0001}
Si. Si, tienes razon.\n
Bien, entonces me voy.\n
{WAITINPUT}{NEWCHAR}{PORTRAIT 0x0001}{NAME 0x0000}{NAMEINSERT 0x0001}...\n
Confio en ti.\n
{WAITINPUT}{NEWCHAR}{PORTRAIT 0x0002}{NAME 0x0001}
Gracias,\n
{NAMEINSERT 0x0000}...\n
{WAITINPUT}{NEWCHAR}"
0x013,"{PORTRAIT 0x0001}{NAME 0x0000}
Aaargh!\n
{NAMEINSERT 0x0005} ha vuelto!\n
{WAITINPUT}{NEWCHAR}{PORTRAIT 0x0004}{NAME 0x0005}
Mortal... conoces a un\n
hombre llamado \n
'{NAMEINSERT 0x0001},' no es asi?\n
{WAITINPUT}{NEWCHAR}{NEXTACTION}{PORTRAIT 0x0001}{NAME 0x0000}
Si, lo conozco!\n
Que hay con el?!\n
{WAITINPUT}{NEWCHAR}{PORTRAIT 0x0004}{NAME 0x0005}
Creo que ese hombre ha\n
descubierto objetos que\n
guardan el poder de mi amo.\n
{WAITINPUT}{NEWCHAR}{NEXTACTION}{PORTRAIT 0x0001}{NAME 0x0000}
?!\n
Te refieres a los restos \n
de {NAMEINSERT 0x0007}...\n
{WAITINPUT}{NEWCHAR}{PORTRAIT 0x0004}{NAME 0x0005}
Los restos fragmentados \n
de mi amo?!  Ahora todo\n
tiene perfecto sentido...\n
{WAITINPUT}{NEWCHAR}{PORTRAIT 0x0001}{NAME 0x0000}
De que diablos estas\n
hablando?!\n
{WAITINPUT}{NEWCHAR}{PORTRAIT 0x0004}{NAME 0x0005}
Me has dado una\n
respuesta. Asi que te  \n
recompensare con una\n
{WAITINPUT}{SAMECHAR}
explicacion. Es simple. \n
Este castillo es una creacion \n
de la voluntad de {NAMEINSERT 0x0001}.\n
{WAITINPUT}{NEWCHAR}{NEXTACTION}{PORTRAIT 0x0001}{NAME 0x0000}
Que?!\n
Pero el no es capaz de \n
tal hazana!\n
{WAITINPUT}{NEWCHAR}{PORTRAIT 0x0004}{NAME 0x0005}
Cierto para el {NAMEINSERT 0x0001}\n
original, pero poseer los \n
restos de mi amo cambia \n
{WAITINPUT}{SAMECHAR}
todo. Los dos espiritus del \n
castillo ahora encarnan\n
el poder de mi amo.\n
{WAITINPUT}{NEWCHAR}{PORTRAIT 0x0001}{NAME 0x0000}
Los ""dos"" espiritus del castillo?!\n
{WAITINPUT}{NEWCHAR}{PORTRAIT 0x0004}{NAME 0x0005}
Dos espiritus existen \n
ahora dentro de su cuerpo.  \n
{WAITINPUT}{SAMECHAR}
Su espiritu original y \n
un espiritu malvado nacido\n
de los restos de mi amo.\n
{WAITINPUT}{NEWCHAR}{PORTRAIT 0x0001}{NAME 0x0000}
Que idea tan ridicula...\n
{WAITINPUT}{NEWCHAR}{PORTRAIT 0x0004}{NAME 0x0005}
Y asi, nacieron dos \n
castillos para encarnar \n
a los dos espiritus.\n
{WAITINPUT}{SAMECHAR}
De los dos espiritus, \n
el malvado deseaba mas \n
los castillos.\n
{WAITINPUT}{NEWCHAR}{PORTRAIT 0x0001}{NAME 0x0000}
Espera un momento! Que\n
quieres decir con ""dos castillos""?!\n
{WAITINPUT}{NEWCHAR}{PORTRAIT 0x0004}{NAME 0x0005}
Mortal ignorante... No\n
te das cuenta que este castillo\n
tiene dos ""capas""?\n
{WAITINPUT}{SAMECHAR}
No quiero tener nada \n
mas que ver contigo. \n
Adios!\n
{WAITINPUT}{NEWCHAR}{NEXTACTION}{COMMAND2 0x0000}{PORTRAIT 0x0001}{NAME 0x0000}
E−espera!\n
Estas huyendo \n
de mi?\n
{WAITINPUT}{NEWCHAR}{PORTRAIT 0x0004}{NAME 0x0005}
Este castillo, tal como es,\n
es transitorio. Debo \n
ir a ayudar a completarlo...\n
{WAITINPUT}{NEWCHAR}"
0x014,"{PORTRAIT 0x0003}{NAME 0x0001}
Oh, veo que sigues \n
vivo...\n
{WAITINPUT}{NEWCHAR}{PORTRAIT 0x0001}{NAME 0x0000}{NAMEINSERT 0x0001}!\n
No, tu no eres {NAMEINSERT 0x0001}...\n
{WAITINPUT}{NEWCHAR}{PORTRAIT 0x0003}{NAME 0x0001}
Ja...\n
Me descubriste...\n
{WAITINPUT}{NEWCHAR}{PORTRAIT 0x0001}{NAME 0x0000}
Que diablos eres?\n
{WAITINPUT}{NEWCHAR}{PORTRAIT 0x0003}{NAME 0x0001}
Yo soy... yo mismo...\n
solo que no el 'yo' que\n
conociste en el pasado.\n
{WAITINPUT}{SAMECHAR}
Los deseos reprimidos de \n
este hombre, junto con su\n
posesion de los restos \n
{WAITINPUT}{SAMECHAR}
de {NAMEINSERT 0x0007}, dieron origen\n
a un espiritu aparte... \n
y...\n
{WAITINPUT}{SAMECHAR}
ese otro espiritu soy yo.\n
No estoy seguro si el\n
sabe siquiera de mi existencia.\n
{WAITINPUT}{NEWCHAR}{PORTRAIT 0x0001}{NAME 0x0000}
Y tambien fuiste tu\n
quien secuestro a {NAMEINSERT 0x0004}?\n
{WAITINPUT}{NEWCHAR}{NEXTACTION}{PORTRAIT 0x0003}{NAME 0x0001}
Je−je...\n
Claro que fue obra mia. \n
Ella me pertenece.\n
{WAITINPUT}{SAMECHAR}{NEXTACTION}
Pero el perdio la memoria \n
y ni siquiera sabe \n
donde esta ella!\n
{WAITINPUT}{SAMECHAR}
Pero pronto recuperara \n
la memoria!  Cuando lo haga, \n
ella sera toda mia.\n
{WAITINPUT}{NEWCHAR}{PORTRAIT 0x0001}{NAME 0x0000}
Maldito seas!\n
{NEXTACTION}{WAITINPUT}{NEWCHAR}{NEXTACTION}{PORTRAIT 0x0003}{NAME 0x0001}
Seguro de eso? Si muero,\n
tu mejor amigo\n
perecera conmigo!\n
{WAITINPUT}{NEWCHAR}{PORTRAIT 0x0001}{NAME 0x0000}
Aaargh!\n
{WAITINPUT}{NEWCHAR}{PORTRAIT 0x0003}{NAME 0x0001}
Tu muerte esta cerca!\n
Muere, perro vil!\n
{WAITINPUT}{NEWCHAR}"
0x015,"{PORTRAIT 0x0002}{NAME 0x0001}
Ju− {NAMEINSERT 0x0000}...\n
{WAITINPUT}{NEWCHAR}{PORTRAIT 0x0001}{NAME 0x0000}{NAMEINSERT 0x0001}!!\n
De verdad eres tu\n
esta vez, cierto...?\n
{WAITINPUT}{NEWCHAR}{PORTRAIT 0x0002}{NAME 0x0001}
...\n
Veo que te has topado\n
con... mi otro yo.\n
{WAITINPUT}{NEWCHAR}{PORTRAIT 0x0001}{NAME 0x0000}
Si...\n
{WAITINPUT}{NEWCHAR}{PORTRAIT 0x0002}{NAME 0x0001}
Ya veo...\n
Casi soy dominado\n
por el...\n
{WAITINPUT}{SAMECHAR}{NAMEINSERT 0x0007} tenia una fuerza\n
abrumadora...\n
{WAITINPUT}{NEWCHAR}{PORTRAIT 0x0001}{NAME 0x0000}
No digas eso!\n
Debes mantenerte fuerte!\n
{WAITINPUT}{NEWCHAR}{PORTRAIT 0x0002}{NAME 0x0001}
Escuchame...\n
Cuando el trajo a {NAMEINSERT 0x0004}\n
a este lugar...\n
{WAITINPUT}{SAMECHAR}
La escondio en un castillo\n
forjado del tejido de\n
mi mente. Al perder\n
{WAITINPUT}{SAMECHAR}
mi memoria, la protegi,\n
pero creo que he \n
llegado a mi limite...\n
{WAITINPUT}{SAMECHAR}
Ella esta en la sala del amo.\n
Con este brazalete, tu\n
tambien puedes entrar.\n
{WAITINPUT}{NEWCHAR}{NEXTACTION}{PORTRAIT 0x0001}{NAME 0x0000}
No puedo dejarte\n
tirado aqui asi...\n
{WAITINPUT}{NEWCHAR}{PORTRAIT 0x0002}{NAME 0x0001}
Debes hacerlo! No podemos\n
dejar que el atrape a {NAMEINSERT 0x0004}!\n
{WAITINPUT}{NEWCHAR}{PORTRAIT 0x0001}{NAME 0x0000}
E− Entendido. Una vez \n
que salve a {NAMEINSERT 0x0004}, prometo, \n
que volvere por ti...\n
{WAITINPUT}{NEWCHAR}{PORTRAIT 0x0002}{NAME 0x0001}
Vete ya... depende de ti...\n
{WAITINPUT}{NEWCHAR}"
0x016,"{PORTRAIT 0x0001}{NAME 0x0000}{NAMEINSERT 0x0004}!!\n
{WAITINPUT}{NEWCHAR}{NEXTACTION}{PORTRAIT 0x0005}{NAME 0x0004}{NAMEINSERT 0x0000}!\n
De verdad eres tu, {NAMEINSERT 0x0000}?!\n
{WAITINPUT}{NEWCHAR}{PORTRAIT 0x0001}{NAME 0x0000}
Estas bien?\n
Estas herida?\n
{WAITINPUT}{NEWCHAR}{PORTRAIT 0x0005}{NAME 0x0004}
Estoy bien. \n
{NAMEINSERT 0x0001} me mantuvo \n
a salvo aqui.\n
{WAITINPUT}{NEWCHAR}{PORTRAIT 0x0001}{NAME 0x0000}
Oh, ya veo...\n
{WAITINPUT}{NEWCHAR}{PORTRAIT 0x0005}{NAME 0x0004}
No vino contigo?\n
{WAITINPUT}{NEWCHAR}{PORTRAIT 0x0001}{NAME 0x0000}{NAMEINSERT 0x0001} nos espera \n
afuera, creo...\n
{WAITINPUT}{NEWCHAR}{PORTRAIT 0x0005}{NAME 0x0004}
Oye, que le paso a\n
la persona que me trajo\n
a este lugar?\n
{WAITINPUT}{NEWCHAR}{PORTRAIT 0x0001}{NAME 0x0000}
Quieres decir que no\n
sabes quien fue el \n
que te secuestro!?\n
{WAITINPUT}{NEWCHAR}{PORTRAIT 0x0005}{NAME 0x0004}
Hasta que {NAMEINSERT 0x0001} vino a\n
rescatarme, yo− yo estuve \n
con los ojos vendados...\n
{WAITINPUT}{NEWCHAR}{PORTRAIT 0x0001}{NAME 0x0000}
Ya veo...\n
Bien, intentemos salir \n
de este lugar...\n
{WAITINPUT}{NEWCHAR}{PORTRAIT 0x0005}{NAME 0x0004}
Si, vamonos.\n
{WAITINPUT}{NEWCHAR}{NEXTACTION}{PORTRAIT 0x0004}{NAME 0x0005}
Asi que aqui es donde \n
te has escondido...\n
El tambien es un hombre audaz...\n
{WAITINPUT}{NEWCHAR}{NEXTACTION}{PORTRAIT 0x0005}{NAME 0x0004}
Noooo!\n
{WAITINPUT}{NEWCHAR}{PORTRAIT 0x0001}{NAME 0x0000}{NAMEINSERT 0x0004}!\n
{WAITINPUT}{NEWCHAR}{PORTRAIT 0x0004}{NAME 0x0005}
Me quedare con esta\n
doncella para mi mismo.\n
{WAITINPUT}{NEWCHAR}{NEXTACTION}{PORTRAIT 0x0005}{NAME 0x0004}
No! {NAMEINSERT 0x0000}... salvame!!\n
{WAITINPUT}{NEWCHAR}{NEXTACTION}{PORTRAIT 0x0001}{NAME 0x0000}
Maldicion!\n
Debo apresurarme tras ellos!\n
{WAITINPUT}{NEWCHAR}"
0x017,"{PORTRAIT 0x0001}{NAME 0x0000}
Asi que aqui estabas! \n
Devuelveme a {NAMEINSERT 0x0004}!\n
{WAITINPUT}{NEWCHAR}{PORTRAIT 0x0004}{NAME 0x0005}
No temas.\n
Esa doncella ahora esta\n
con {NAMEINSERT 0x0001}.\n
{WAITINPUT}{NEWCHAR}{PORTRAIT 0x0001}{NAME 0x0000}
Pero por que!?\n
Deja a {NAMEINSERT 0x0004} fuera de esto!\n
{WAITINPUT}{NEWCHAR}{PORTRAIT 0x0004}{NAME 0x0005}
Esa doncella jugara un\n
papel esencial en la \n
finalizacion de este castillo.\n
{WAITINPUT}{NEWCHAR}{PORTRAIT 0x0001}{NAME 0x0000}
Que quieres decir\n
con eso!?\n
{WAITINPUT}{NEWCHAR}{PORTRAIT 0x0004}{NAME 0x0005}
Este castillo esta en un\n
estado transitorio y se \n
prepara para la resurreccion\n
{WAITINPUT}{SAMECHAR}
de mi amo. Sin embargo,\n
el castillo no estara completo\n
hasta que los dos castillos\n
se fusionen.\n
{WAITINPUT}{SAMECHAR}
En resumen, debemos\n
eliminar el espiritu de\n
tu querido amigo.\n
{WAITINPUT}{NEWCHAR}{PORTRAIT 0x0001}{NAME 0x0000}{NAMEINSERT 0x0001} es un hombre de \n
gran fuerza! No sera tan\n
facil hacer lo que planeas!!\n
{WAITINPUT}{NEWCHAR}{PORTRAIT 0x0004}{NAME 0x0005}
El nacio de mi amo, asi\n
que claro que conoce\n
formas de reforzar su poder. \n
{WAITINPUT}{SAMECHAR}
Cuando algo te es\n
querido, su efecto sobre\n
ti se vuelve inmensurable.\n
{WAITINPUT}{NEWCHAR}{PORTRAIT 0x0001}{NAME 0x0000}
?!\n
No, seguro que no...\n
no la sangre de {NAMEINSERT 0x0004}...\n
{WAITINPUT}{SAMECHAR}
Alejate de ella!\n
{WAITINPUT}{NEWCHAR}{PORTRAIT 0x0004}{NAME 0x0005}
No interfieras. Ahora,\n
extinguire la llama \n
de tu alma!\n
{WAITINPUT}{NEWCHAR}"
0x018,"{PORTRAIT 0x0004}{NAME 0x0005}
Llegas demasiado tarde...\n
Los castillos pronto \n
comenzaran a fusionarse...\n
{WAITINPUT}{NEWCHAR}"
0x019,"{PORTRAIT 0x0001}{NAME 0x0000}
Alto!\n
{WAITINPUT}{NEWCHAR}{NEXTACTION}{PORTRAIT 0x0002}{NAME 0x0001}
Ju− {NAMEINSERT 0x0000}, eres tu...\n
{WAITINPUT}{NEWCHAR}{NEXTACTION}{PORTRAIT 0x0001}{NAME 0x0000}{NAMEINSERT 0x0004}, estas bien?!\n
{WAITINPUT}{NEWCHAR}{PORTRAIT 0x0005}{NAME 0x0004}
...\n
{WAITINPUT}{NEWCHAR}{PORTRAIT 0x0001}{NAME 0x0000}
Perdio el conocimiento.\n
Pero creo que llegamos\n
a tiempo!\n
{WAITINPUT}{NEWCHAR}{NEXTACTION}{PORTRAIT 0x0001}{NAME 0x0000}{NAMEINSERT 0x0001}!\n
Aun logras conservar \n
tu verdadero ser.\n
{WAITINPUT}{NEWCHAR}{PORTRAIT 0x0002}{NAME 0x0001}
Si, de alguna manera o\n
de otra... pero...\n
he llegado a mi limite...\n
{WAITINPUT}{SAMECHAR}
Te− te lo ruego...\n
Toma mi vida.\n
{WAITINPUT}{NEWCHAR}{PORTRAIT 0x0001}{NAME 0x0000}
Qu− Que estas diciendo \n
de? No puedo...\n
{WAITINPUT}{NEWCHAR}{PORTRAIT 0x0002}{NAME 0x0001}
Ya no puedo aguantar mas.\n
No puedo luchar contra\n
el impulso...\n
{WAITINPUT}{NEWCHAR}{PORTRAIT 0x0001}{NAME 0x0000}
Pero yo...\n
No puedo quitarte la vida.\n
{WAITINPUT}{NEWCHAR}{NEXTACTION}{PORTRAIT 0x0003}{NAME 0x0001}
Entonces, hare que\n
me mates...\n
Defiendete!\n
{WAITINPUT}{NEWCHAR}"
0x01A,"{PORTRAIT 0x0002}{NAME 0x0001}
Gracias, {NAMEINSERT 0x0000}...\n
Porque de verdad deseaba\n
caer por tu mano...\n
{WAITINPUT}{NEWCHAR}{PORTRAIT 0x0001}{NAME 0x0000}{NAMEINSERT 0x0001}!\n
{WAITINPUT}{NEWCHAR}{PORTRAIT 0x0002}{NAME 0x0001}
Queria liberarte de\n
tu destino maldito...\n
{WAITINPUT}{NEWCHAR}{PORTRAIT 0x0001}{NAME 0x0000}
Ya basta. No hace\n
falta decir nada\n
mas...\n
{WAITINPUT}{NEWCHAR}{PORTRAIT 0x0002}{NAME 0x0001}
Cuida de {NAMEINSERT 0x0004}, \n
lo haras...\n
{NEXTACTION}{WAITINPUT}{NEWCHAR}{PORTRAIT 0x0001}{NAME 0x0000}{NAMEINSERT 0x0001}!!!\n
{WAITINPUT}{NEWCHAR}"
0x01B,"{PORTRAIT 0x0001}{NAME 0x0000}{NAMEINSERT 0x0004}!!\n
{WAITINPUT}{NEWCHAR}{NEXTACTION}{PORTRAIT 0x0005}{NAME 0x0004}
...\n
{WAITINPUT}{NEWCHAR}{PORTRAIT 0x0001}{NAME 0x0000}
Aun respira,\n
pero... Maldicion! Llegue\n
demasiado tarde.\n
{WAITINPUT}{NEWCHAR}{PORTRAIT 0x0003}{NAME 0x0001}
Bienvenido a la fiesta,\n
{NAMEINSERT 0x0000}.\n
Llegas tarde.\n
{WAITINPUT}{NEWCHAR}{NEXTACTION}{PORTRAIT 0x0001}{NAME 0x0000}{NAMEINSERT 0x0001}...\n
{WAITINPUT}{NEWCHAR}{PORTRAIT 0x0003}{NAME 0x0001}{NAMEINSERT 0x0001}?\n
Oh, su espiritu ya no\n
vive dentro de mi.\n
{WAITINPUT}{SAMECHAR}{NEXTACTION}
Y todo se lo debo a esa \n
mujer. Mira toda la \n
fuerza que me ha dado.\n
{WAITINPUT}{NEWCHAR}{NEXTACTION}{PORTRAIT 0x0001}{NAME 0x0000}
Maldicion!  Ninguna piedad para\n
ti.\n
{WAITINPUT}{NEWCHAR}{PORTRAIT 0x0003}{NAME 0x0001}
Quien necesita piedad?\n
Amenazas debiles de\n
un rival indigno..\n
{WAITINPUT}{NEWCHAR}"
0x01C,"{PORTRAIT 0x0001}{NAME 0x0000}{NAMEINSERT 0x0001}...\n
Perdoname...\n
{WAITINPUT}{NEWCHAR}{PORTRAIT 0x0003}{NAME 0x0001}
Crees que perdere...\n
Yo, que controlo el poder\n
del Conde {NAMEINSERT 0x0007}...\n
{WAITINPUT}{NEWCHAR}{PORTRAIT 0x0001}{NAME 0x0000}{NAMEINSERT 0x0001} era mas fuerte\n
que tu...\n
{WAITINPUT}{SAMECHAR}
No creo que pudieras\n
haber tomado todo\n
lo que el era!\n
{WAITINPUT}{NEWCHAR}{PORTRAIT 0x0003}{NAME 0x0001}
Pero si yo muero, el \n
tambien perecera.\n
Y la mujer, tambien...\n
{WAITINPUT}{NEWCHAR}{PORTRAIT 0x0001}{NAME 0x0000}
...\n
{WAITINPUT}{NEWCHAR}{PORTRAIT 0x0003}{NAME 0x0001}
Asi que este es el adios...\n
{WAITINPUT}{SAMECHAR}
Con esa fuerza maldita\n
que tienes, mas te vale\n
cazar a {NAMEINSERT 0x0007} eternamente.\n
{NEXTACTION}{WAITINPUT}{NEWCHAR}"
0x01D,"{PORTRAIT 0x0002}{NAME 0x0001}
Aaargh...\n
Ese− ese brazalete...\n
Lo usaste por mi...\n
{WAITINPUT}{NEWCHAR}{NEXTACTION}{PORTRAIT 0x0001}{NAME 0x0000}
?!\n
{NAMEINSERT 0x0001}, eres tu?\n
{WAITINPUT}{NEWCHAR}{PORTRAIT 0x0003}{NAME 0x0001}
Por− Por que sigues \n
viviendo dentro de mi?! Crei\n
que estabas muerto!!\n
{WAITINPUT}{NEWCHAR}{PORTRAIT 0x0001}{NAME 0x0000}
Recuerda, {NAMEINSERT 0x0001}!!\n
Eres mas fuerte\n
que esto!!\n
{WAITINPUT}{NEWCHAR}{NEXTACTION}{PORTRAIT 0x0002}{NAME 0x0001}
Tie− Tienes razon... Pero\n
comparado con el\n
entrenamiento... esto no es nada.\n
{WAITINPUT}{NEWCHAR}{PORTRAIT 0x0003}{NAME 0x0001}
Por que!?\n
Por que no puedo\n
librarme de ti?\n
{WAITINPUT}{NEWCHAR}{PORTRAIT 0x0002}{NAME 0x0001}
Porque elijo no \n
liberarte. {NAMEINSERT 0x0000}! Acabame\n
de una vez!!\n
{WAITINPUT}{NEWCHAR}{PORTRAIT 0x0003}{NAME 0x0001}
Aaargh...\n
{NEXTACTION}
Siento una magia\n
poderosa actuando...\n
{WAITINPUT}{NEWCHAR}{NEXTACTION}{PORTRAIT 0x0001}{NAME 0x0000}
Los− Los restos...\n
{WAITINPUT}{NEWCHAR}{NEXTACTION}{PORTRAIT 0x0003}{NAME 0x0001}
Mientras tenga este\n
poder, no necesito este \n
cuerpo! Toma, quedatelo!\n
{WAITINPUT}{NEWCHAR}{NEXTACTION}{PORTRAIT 0x0002}{NAME 0x0001}
Aaaaaah!!\n
{WAITINPUT}{NEWCHAR}{NEXTACTION}{COMMAND2 0x0000}{PORTRAIT 0x0006}{NAME 0x0008}
Hmmph, no estoy estable,\n
pero tu sangre una vez\n
mas me completara.\n
{WAITINPUT}{NEWCHAR}{PORTRAIT 0x0001}{NAME 0x0000}
Tomala si puedes...\n
{NEXTACTION}
No subestimes \n
el poder de los {NAMEINSERT 0x0006}...\n
{WAITINPUT}{NEWCHAR}{PORTRAIT 0x0006}{NAME 0x0008}{NEXTACTION}
Bien, comencemos entonces.\n
Disfrutare\n
destruyendote.\n
{WAITINPUT}{NEWCHAR}"
0x01E,"{PORTRAIT 0x0006}{NAME 0x0008}
Argggh!!\n
{WAITINPUT}{NEWCHAR}{PORTRAIT 0x0001}{NAME 0x0000}
Te lo dije. No \n
subestimes el \n
poder de mi linaje!!\n
{WAITINPUT}{NEWCHAR}{PORTRAIT 0x0006}{NAME 0x0008}
Asi− Asi que este es el poder\n
de los {NAMEINSERT 0x0006}...\n
{WAITINPUT}{NEWCHAR}{PORTRAIT 0x0001}{NAME 0x0000}
Vil engendro de {NAMEINSERT 0x0001}, tu\n
no eres digno de ser \n
mi oponente.\n
{WAITINPUT}{NEWCHAR}{PORTRAIT 0x0006}{NAME 0x0008}
Ahora me desvanecere de\n
este mundo... pero encuentro\n
algo de placer en esto...\n
{WAITINPUT}{SAMECHAR}
con esos poderes malditos\n
tuyos, el destino te llama \n
a cazar por la eternidad.\n
{WAITINPUT}{NEWCHAR}"
0x01F,"{PORTRAIT 0x0005}{NAME 0x0004}
...\n
Oh, Ooh...\n
{NEXTACTION}{WAITINPUT}{NEWCHAR}{NEXTACTION}{PORTRAIT 0x0001}{NAME 0x0000}
Parece que estas\n
despertando...\n
{WAITINPUT}{NEWCHAR}{PORTRAIT 0x0005}{NAME 0x0004}
Hemos...\n
sido salvados?\n
{WAITINPUT}{NEWCHAR}{PORTRAIT 0x0001}{NAME 0x0000}
Si...\n
{WAITINPUT}{NEWCHAR}{NEXTACTION}{PORTRAIT 0x0005}{NAME 0x0004}
Eh?  Donde esta {NAMEINSERT 0x0001}?\n
{WAITINPUT}{NEWCHAR}{PORTRAIT 0x0001}{NAME 0x0000}
...\n
{NAMEINSERT 0x0001} esta...\n
arghh...\n
{WAITINPUT}{NEWCHAR}{PORTRAIT 0x0005}{NAME 0x0004}{NAMEINSERT 0x0000}... esta bien.\n
No tienes que decir\n
nada mas.\n
{WAITINPUT}{NEWCHAR}{PORTRAIT 0x0001}{NAME 0x0000}
Yo... yo...\n
{WAITINPUT}{NEWCHAR}{PORTRAIT 0x0005}{NAME 0x0004}
No tengo idea de lo que\n
paso entre ustedes dos... \n
pero no debes \n
{WAITINPUT}{SAMECHAR}
culparte. Culparte a ti\n
mismo es lo mismo que \n
culparlo a el.\n
{WAITINPUT}{NEWCHAR}{PORTRAIT 0x0001}{NAME 0x0000}
Tal vez tengas razon...\n
De hecho, {NAMEINSERT 0x0001} habria\n
estado de acuerdo contigo...\n
{WAITINPUT}{NEWCHAR}{PORTRAIT 0x0005}{NAME 0x0004}
De todos modos, vamos \n
a casa. Resolveremos todo\n
despues de descansar.\n
{WAITINPUT}{NEWCHAR}{PORTRAIT 0x0001}{NAME 0x0000}
Suena bien...\n
Vamos a casa, {NAMEINSERT 0x0004}!\n
{WAITINPUT}{NEWCHAR}"
0x020,"{PORTRAIT 0x0001}{NAME 0x0000}
Maldicion! Al final, no \n
pude salvar a Lydie o a\n
{NAMEINSERT 0x0001}.\n
{WAITINPUT}{SAMECHAR}
Todo lo que queda\n
para recordarlos\n
es este brazalete...\n
{WAITINPUT}{SAMECHAR}{NEXTACTION}
Ni siquiera pude proteger \n
a quienes amo. He fallado \n
como Cazador de Vampiros!\n
{WAITINPUT}{SAMECHAR}
Que diablos debo hacer\n
conmigo ahora...?\n
{WAITINPUT}{NEWCHAR}"
0x021,"{PORTRAIT 0x0002}{NAME 0x0001}
...\n
Do− Donde estoy?\n
{WAITINPUT}{NEWCHAR}{PORTRAIT 0x0001}{NAME 0x0000}{NAMEINSERT 0x0001}, has vuelto \n
con nosotros...\n
{WAITINPUT}{NEWCHAR}{NEXTACTION}{PORTRAIT 0x0002}{NAME 0x0001}
Estoy vivo...?\n
{WAITINPUT}{NEWCHAR}{PORTRAIT 0x0001}{NAME 0x0000}
Usaste tu propia\n
fuerza para expulsarlo\n
de ti.\n
{WAITINPUT}{NEWCHAR}{PORTRAIT 0x0002}{NAME 0x0001}
No fue mi fuerza...\n
Fue la tuya y \n
la de {NAMEINSERT 0x0004}...\n
{WAITINPUT}{SAMECHAR}{NEXTACTION}
?!\n
Que hay de {NAMEINSERT 0x0004}?!\n
La salvaste?\n
{WAITINPUT}{NEWCHAR}{PORTRAIT 0x0001}{NAME 0x0000}
Ella aun no despierta, pero \n
sus marcas de mordida se\n
borraron cuando {NAMEINSERT 0x0007}\n
fue vencido.\n
{WAITINPUT}{SAMECHAR}
Ha recuperado algo de color.\n
Es cuestion de tiempo \n
antes de que despierte.\n
{WAITINPUT}{NEWCHAR}{PORTRAIT 0x0002}{NAME 0x0001}
Ya veo...\n
{NAMEINSERT 0x0000}...\n
Por favor, perdoname...\n
{WAITINPUT}{NEWCHAR}{PORTRAIT 0x0001}{NAME 0x0000}
Todo quedo atras ya. \n
Todos fueron salvados, asi\n
que no hay nada mas que decir.\n
{WAITINPUT}{NEWCHAR}{PORTRAIT 0x0002}{NAME 0x0001}
...\n
Gracias.\n
{WAITINPUT}{NEWCHAR}{NEXTACTION}{PORTRAIT 0x0005}{NAME 0x0004}
...\n
Uhh... Ooh...\n
{WAITINPUT}{NEWCHAR}{NEXTACTION}{PORTRAIT 0x0001}{NAME 0x0000}
Parece que {NAMEINSERT 0x0004} \n
esta despertando...\n
{WAITINPUT}{NEWCHAR}{NEXTACTION}{PORTRAIT 0x0005}{NAME 0x0004}
Eh, {NAMEINSERT 0x0000}...\n
Que hago aqui...?\n
{WAITINPUT}{SAMECHAR}
Creo... que yo...\n
fui mordida por {NAMEINSERT 0x0001}...\n
{WAITINPUT}{NEWCHAR}{PORTRAIT 0x0001}{NAME 0x0000}
Calmate...debiste \n
haber tenido solo\n
una pesadilla.  Toca tu cuello.\n
{WAITINPUT}{NEWCHAR}{NEXTACTION}{PORTRAIT 0x0005}{NAME 0x0004}
...\n
{COMMAND2 0x0000}{WAITINPUT}
No hay nada ahi...\n
Vaya, solo fue una pesadilla.\n
{WAITINPUT}{NEWCHAR}{PORTRAIT 0x0002}{NAME 0x0001}
Oye, dile la verdad...\n
{WAITINPUT}{NEWCHAR}{NEXTACTION}{PORTRAIT 0x0001}{NAME 0x0000}
Shhh! Callate.\n
{WAITINPUT}{NEWCHAR}{NEXTACTION}{PORTRAIT 0x0005}{NAME 0x0004}
Que...?\n
{NAMEINSERT 0x0001}!\n
Has vuelto!\n
{WAITINPUT}{NEWCHAR}{PORTRAIT 0x0002}{NAME 0x0001}
Si, pero en realidad...\n
{WAITINPUT}{NEWCHAR}{PORTRAIT 0x0001}{NAME 0x0000}
Si, {NAMEINSERT 0x0001}. Seguro estas \n
agotado, hablemos \n
cuando lleguemos a casa!\n
{WAITINPUT}{NEWCHAR}{PORTRAIT 0x0002}{NAME 0x0001}
No, quiero...\n
{WAITINPUT}{NEWCHAR}{PORTRAIT 0x0001}{NAME 0x0000}
Vamos, {NAMEINSERT 0x0001}. No paso\n
nada! No es mejor \n
dejarlo asi?\n
{WAITINPUT}{NEWCHAR}{PORTRAIT 0x0002}{NAME 0x0001}
No, eso no esta bien!\n
Debes terminar lo\n
que empiezas...\n
{WAITINPUT}{NEWCHAR}{NEXTACTION}{PORTRAIT 0x0001}{NAME 0x0000}
Que acabas de decir!?\n
{WAITINPUT}{NEWCHAR}{NEXTACTION}{PORTRAIT 0x0005}{NAME 0x0004}
Basta, ustedes dos!\n
{WAITINPUT}{NEWCHAR}{PORTRAIT 0x0002}{NAME 0x0001}
...\n
{WAITINPUT}{NEWCHAR}{PORTRAIT 0x0001}{NAME 0x0000}
...\n
{WAITINPUT}{NEWCHAR}{NEXTACTION}{PORTRAIT 0x0005}{NAME 0x0004}
Detenganse, los dos!\n
No empiecen.  Recien\n
nos reunimos!\n
{NEXTACTION}{WAITINPUT}{NEWCHAR}{PORTRAIT 0x0002}{NAME 0x0001}
En realidad, {NAMEINSERT 0x0004}...\n
{WAITINPUT}{NEWCHAR}{PORTRAIT 0x0005}{NAME 0x0004}
Escuchare sus historias en\n
casa. Hasta entonces, \n
hablemos de otras cosas.\n
{WAITINPUT}{NEWCHAR}{PORTRAIT 0x0001}{NAME 0x0000}
Ya oiste a la dama.\n
{WAITINPUT}{NEWCHAR}{PORTRAIT 0x0002}{NAME 0x0001}
...\n
{NEXTACTION}
Esta bien...\n
{WAITINPUT}{NEWCHAR}{NEXTACTION}{PORTRAIT 0x0005}{NAME 0x0004}
Jeje. Ha pasado tiempo, \n
verdad, desde que los\n
tres estuvimos juntos.\n
{NEXTACTION}{WAITINPUT}{NEWCHAR}{PORTRAIT 0x0001}{NAME 0x0000}
Si, asi es...\n
{WAITINPUT}{NEWCHAR}{PORTRAIT 0x0002}{NAME 0x0001}
Si...\n
{WAITINPUT}{NEWCHAR}"
